uri,cid,text,created_at,reply_count,repost_count,like_count,indexed_at,author_handle,author_display_name,author_did
atdidplc4pitfwgmwaj4j6phnqik4wkyappbskyfeedpost3li5x2igzes2g,bafyreifbulpemt2hcwpu6d5x6gmsoestmkwuzdjx4msvbsw5sjcmxrgxle,taxa√ß√£o blusinhas falta comunica√ß√£o governo fake taxa√ß√£o pix mostrando resultado sabe assim governo aprenda comunica√ß√£o correta crie taxas ajudam nada governoos correios tiveram preju√≠zo bilion√°rio taxa blusinhas,20250214T193347976Z,1,1,8,20250214T193349662Z,edipogirardellobskysocial,√âdipo Girardello,didplc4pitfwgmwaj4j6phnqik4wky
atdidplcw2pvvbfaq7dnfu4a73zg643mappbskyfeedpost3li5gxwx3hc2r,bafyreicu6m7x6hcxtvxx3suawayvhv4gnwvaptshmgqgsa75o4qkyutgx4,governo grand√£o fala pr√°tica arrega pra press√£o liberal vide caso recente falsa taxa√ß√£o pix onde gov federal vacilar feio comunica√ß√£o piou fininho pra fala√ß√£o mentirosa milico,20250214T144602650Z,0,0,0,20250214T144604550Z,sacodevacilobskysocial,trainee macaco louco,didplcw2pvvbfaq7dnfu4a73zg643m
atdidplcsunoeiepflqzbysepcjtf6kyappbskyfeedpost3li4enlzm6d2v,bafyreicusycxrkv6xdhrv7e7nr6d2udmmk3wwpi4khtxuzaqjs2zzbo4s4,Agu requisi√ß√£o TikTok retirou v√≠deo afirava senador Haddad propunha taxa√ß√£o Pix,20250214T0131480000300,0,0,0,20250214T043148649Z,brasilnewsiabskysocial,,didplcsunoeiepflqzbysepcjtf6ky
atdidplc6ah63grhe4wqrhkdm7imbguoappbskyfeedpost3li2uite2tk2j,bafyreigdutdbsvehuibaihgf7oaymapklx2uyk342ieezonzdwkye3urei,mo√ßa faz sobrancelha aceita PIX causa ‚Äútaxa√ß√£o‚Äù Soube ontem,20250213T141008734Z,1,0,0,20250213T141009848Z,dezutesoniabskysocial,Dezute,didplc6ah63grhe4wqrhkdm7imbguo
atdidplc3nvhjuxrjlcya7ecyfqrak6bappbskyfeedpost3lhyig7ho3c23,bafyreibwgue5geev5ug7mrhlo6c23getujtlklc3qvnue2cf6emzyh27ga,Lula falando caminh√£o absurdos √©poca tal taxa√ß√£o pix ficaram sil√™ncio dando muni√ß√£o pro chupetinha teve agir Erika Hilton explicando passividade desanimadora,20250212T152836370Z,0,0,1,20250212T152839748Z,verdakultobskysocial,Guii,didplc3nvhjuxrjlcya7ecyfqrak6b
atdidplcy2eymcddnsio2f5iar4ikm3gappbskyfeedpost3lhuhamp5q222,bafyreigwdbhutttzanihdyegd2nlr2elgz5p7447wliy6suwwyl4imlmnu,Estudo NetLab Universidade Federal Rio UFRJ mostra Meta lucrou recente onda fake news torno Pix empresa recebeu pagamentos impulsionar divulga√ß√£o an√∫ncios fraudulentos mencionavam falsa taxa√ß√£o Pix sistema Valores Receber Banco Central,20250211T005656143Z,0,7,19,20250211T005659351Z,sejadeesquerdabskysocial,Rodrigo Arruda,didplcy2eymcddnsio2f5iar4ikm3g
atdidplcjdy422z5g6iponmtnimadouzappbskyfeedpost3lhuczt3cbc2k,bafyreiaciwddh4cn6dux4ofoi3qskhdsg2shd5xjiiq4lva23kgklnvh5a,Vou pergunta honesta tenho duvidado realidade vida Tirando parte conluios centr√£o falha taxa√ß√£o blusinhas comunica√ß√£o hora Pix apoiam pessoas achando governo ruim p√©ssimo,20250210T234133084Z,0,0,0,20250210T234133956Z,florboletabskysocial,B612,didplcjdy422z5g6iponmtnimadouz
atdidplcgbdq5nlcqtgf464blewncly4appbskyfeedpost3lhscqtgiad2i,bafyreigulfgnjumeofjfti7vxtvqa3sx3mn6yxs4nfnmvvushg76zdbbwm,Queda popularidade presidente Lula Nordeste gera preocupa√ß√£o governo popularidade presidente Lula caiu Nordeste segundo pesquisa Quaest gerando preocupa√ß√£o governo infla√ß√£o alimentos taxa√ß√£o importa√ß√µes pol√™mica Pix apontadas fatores a‚Ä¶,20250210T043110Z,0,0,0,20250210T043112760Z,jornalgrandebahiabskysocial,Jornal Bahia,didplcgbdq5nlcqtgf464blewncly4
atdidplccwn6276jrho3iq53h47cwuypappbskyfeedpost3lhsc3ffm4c2q,bafyreie5pjr6np6r74seuoku6bjn5vhmpuae5nnrfkvl6noq76ehytnf64,feladaputa momento avisou pras pessoas conversou taxa√ß√£o Pix falsa Tipo povo acredita ent√£o verdade FODER VIU,20250210T041912634Z,0,0,1,20250210T041914657Z,francinhaclarabskysocial,Fashionista Esquerda,didplccwn6276jrho3iq53h47cwuyp
atdidplcoxavdwcdgackjufskg2j7ag2appbskyfeedpost3lhs3b3pt722k,bafyreidsb5h66twsd33xr6l6fhqbuoblxf5kuftwnqs6y5s7kpdqmhrbmm,Bem Musk t√° for√ßando calote parte d√≠vida p√∫blica motivo preocupa√ß√£o mercado ent√£o sei mais seria Talvez Musk anunciar taxa√ß√£o pix‚Ä¶,20250210T021707621Z,1,1,1,20250210T021708259Z,paulogustavonet,Paulo Gustavo,didplcoxavdwcdgackjufskg2j7ag2
atdidplcsunoeiepflqzbysepcjtf6kyappbskyfeedpost3lhpqynfklj2r,bafyreibsxmd3ws2666eahvrf2krlk2vfvavsrnzuq4prqactawxuybffsq,Not√≠cia falsa taxa√ß√£o Pix causa baixa transa√ß√µes,20250209T0108068450300,0,0,0,20250209T040807556Z,brasilnewsiabskysocial,,didplcsunoeiepflqzbysepcjtf6ky
atdidplcny3ypck5qbk75bwqirgjgicoappbskyfeedpost3lho4mkd75k2v,bafyreih65dcmqh72iyckzub7xnrcuol5n4f6f37wbjh23phq6ba3uc3h3i,campanha presidencial 2026 come√ßou caso taxa√ß√£o PIX deixou claro Lula atacado diariamente Direita bando supostos esquerdistas ficam atacando Lula atacar Bolsonaro Tarc√≠sio eleito Presidente 2026 ter√£o culpa cart√≥rio,20250208T123046822Z,0,1,4,20250208T123047658Z,marcos2075bskysocial,Marcos2075,didplcny3ypck5qbk75bwqirgjgico
atdidplczizkgb4v5kb4xmjpdzkbcx3gappbskyfeedpost3lhlutnehqs2r,bafyreicxzytp46t64epwguvghhdr4skfq3t4rsgo7rqtbxsvaluztkn5dq,üì¢ Meta lucrando an√∫ncios fraudulentos Pix Havia an√∫ncios impulsionavam fake news taxa√ß√£o Pix identificados mais 1700 an√∫ncios pagos plataforma,20250207T150615440Z,7,57,222,20250207T150618750Z,sleepinggiantsbrbskysocial,Sleeping Giants Brasil,didplczizkgb4v5kb4xmjpdzkbcx3g
atdidplc6gq6kvnl23z35wgyrqaecxyyappbskyfeedpost3lhloc5h2bk27,bafyreif2cfolqhhcp6vhbqemlmjkro5v5swajiaxq6gp22y33m5d7pnjpm,exemplo feitas mais 1700 inser√ß√µes Facebook alertando taxa√ß√£o Pix golpe mentira Meta escolhe entender inser√ß√µes empresas financeiras mentiras pe√ßas marketing leg√≠timas pra oferecer empr√©stimos vantagens,20250207T130905911Z,1,0,2,20250207T130908157Z,bskypiratariaonlinedev,alein,didplc6gq6kvnl23z35wgyrqaecxyy
atdidplc5kz6y55svxbz7ho7rqr6o2jsappbskyfeedpost3lhiveasces27,bafyreia3ue36mxxp55nndzijksr33nkhmha2srrmy2molwiignqtpmo26m,notei queda men√ß√µes bets acredito mais efeito enxurrada relacionadas EUA √âlio Mosca pautas bombas extrema direita brasileira vide taxa√ß√£o Pix percep√ß√£o provavelmente t√¥ errado üòÇ,20250206T103733511Z,0,0,2,20250206T103734250Z,alexhctpbskysocial,Alex,didplc5kz6y55svxbz7ho7rqr6o2js
atdidplcaduoxavv4nlceto54tgu3fjrappbskyfeedpost3lhfi7e7ri72d,bafyreigxlrpl5ru2ct6iwmpmcepfjesedhivmtewkovablbmiptihhhesy,Pix Fake news taxa√ß√£o diminuiu volume BC,20250204T2304110300,0,0,1,20250205T020412348Z,folhacom,Folha SPaulo,didplcaduoxavv4nlceto54tgu3fjr
atdidplcshfowu4cdav5ggy32hhbp3mtappbskyfeedpost3lhev5cclrs23,bafyreidbrmqp6cul6bbx4iik3tj4hd3sg4aoszncxaknmqaxllbkcxvasa,sei pq pentecostal v√©io viu n√© dias mandaram v√≠deo Nikolas Ferreira taxa√ß√£o pix üò´,20250204T202301259Z,1,0,2,20250204T202303944Z,tahhmirandabskysocial,THAIS AMA GUSTAVO üßöüèæ‚Äç‚ôÄÔ∏è,didplcshfowu4cdav5ggy32hhbp3mt
atdidplcsmhj7oe6nhrrgz2umogz72klappbskyfeedpost3lheg5hmybs2k,bafyreifc4jxjeu345ymcnb3opcmoykgx3eowase7n2z4hilg7ymhbws2ma,bem fato slogan alugou triplex cabe√ßa oposi√ß√£o frase algo poderiam discordar quisessem parece epis√≥dio taxa√ß√£o Pix Nikolas fato refutar parecer ser verdade,20250204T155440708Z,1,0,0,20250204T155442760Z,rottenshangrilabskysocial,Maillard,didplcsmhj7oe6nhrrgz2umogz72kl
atdidplcny3ypck5qbk75bwqirgjgicoappbskyfeedpost3lhefyu6vrc27,bafyreidts3ij3hbdydc6ya6ckvrceybhdfqcnayh3zzx6nlj2t2ctmvode,Sim adiaram vit√≥rias manipula√ß√µes v√£o 2026 veja caso taxa√ß√£o PIX cen√°rio positivo 2026 Lula dificilmente deixar√° ser reeleito,20250204T155206114Z,0,0,1,20250204T155206954Z,marcos2075bskysocial,Marcos2075,didplcny3ypck5qbk75bwqirgjgico
atdidplckzkl2onyewbs7pehh2ellzcbappbskyfeedpost3lhctmi5e6p2l,bafyreid7vf4ykjk7qrahjapn2y4awph6teugzljagnfz33644vl25j2u3a,Resum√£o di√°rio JN Trump suspende taxa√ß√£o produtos M√©xico Canad√° Banco Central autoriza pagamento qualquer boleto banc√°rio PIX,20250204T005021742260Z,0,0,0,20250204T005023753Z,g1botrssadilsonnetbr,Not√≠cias G1 oficial,didplckzkl2onyewbs7pehh2ellzcb
atdidplczlsl5fgmhtjvwcuhrv7xbjnhappbskyfeedpost3lhcsxn3oq22b,bafyreie6hit7ropihrjbslqrghaelwgjkj4725zec44n5q5e6x4gtihqdq,certeza Bolsonaristas falam Caf√© Picanha taxa√ß√£o PIx D√≥lar orquestrado grupos ZAP,20250204T003844273Z,0,1,4,20250204T003901456Z,lca431971bskysocial,Luis,didplczlsl5fgmhtjvwcuhrv7xbjnh
atdidplchwckd5afar7itlrdvrablpj7appbskyfeedpost3lhbckkfzok2t,bafyreicjgc3s2lklcoycjzszbmrpzaziqfx6v3zdtzcb7sjqoblb4ky374,loucura demais brasileiros surtaram taxa√ß√£o imagin√°ria Pix defendendo taxa√ß√£o 25 Trump imp√¥s raz√£o nenhuma querem taxa√ß√£o produtos Brasil,20250203T101225640Z,0,0,1,20250203T101227447Z,07crvlhobskysocial,Felipe Carvalho,didplchwckd5afar7itlrdvrablpj7
atdidplcxvwk6mfd4i4cjbp6pe4yabtpappbskyfeedpost3lh7n5evenc2z,bafyreie36kbpqozdbc4oonqqaqudgi2o2tupwvmh3ftt27drf7liuupn6y,Sim taxa√ß√£o blusinhas Pix mais antenada novos tempos qqr portaria burocr√°tica virar bomba semi√≥tica,20250202T181635345Z,1,0,1,20250202T181636456Z,eruilluvielbskysocial,Belmiro,didplcxvwk6mfd4i4cjbp6pe4yabtp
atdidplc373jettzblexejwsfox6jhifappbskyfeedpost3lh2utnmfvs2d,bafyreihgkz4pnafktgsixdglgnqvksx2yh2sgxlp5uarlixhjwwrggpbbm,mundo avisou ia corroer popularidade confian√ßa governo resultado gente t√° parte argumento direita crise pix governo mentindo mentiu taxa√ß√£o lojinhas blz botava taxa talz 60 justificativa,20250131T205100182Z,1,0,0,20250131T205101417Z,quinzebskysocial,Quinze,didplc373jettzblexejwsfox6jhif
atdidplcrv7eylpbdyu42xrgtrkirvymappbskyfeedpost3lh25hipdoc2u,bafyreicmgjqn73uy663ectb24hdlf2sggms3swtlfn6d4dmqxsmx4fklhy,pol√™mica taxa√ß√£o PIX reflex√µes Brasil equilibrado produtivo,20250131T135236326Z,0,0,0,20250131T135240554Z,vanguardadonortebskysocial,Vanguarda Norte,didplcrv7eylpbdyu42xrgtrkirvym
atdidplcio5kzrizagutlrawyxc7yg2iappbskyfeedpost3lgzxcro2lc2u,bafyreigpe3jzmdwj52pz2klgkxl637frfsezfsrab5naaws5mig5elzbry,karla sofia gascon compartilhou video nikolas ferreira falando taxa√ß√£o pix,20250131T120235497Z,2,4,16,20250131T120235849Z,lifeonmarsbskysocial,mars,didplcio5kzrizagutlrawyxc7yg2i
atdidplcdzoui4bn72wxuzygpuado6uuappbskyfeedpost3lgyj7pfqd22n,bafyreich2oobae66s42cgkcs3jqf6ejz7z455nh6ckabgpl3iu7634zzaq,jornais d√£o palco pro mercado dia infla√ß√£o mesa brasileiros taxa√ß√£o brusinha fake pix Mermao parece Lula sabe,20250130T221740341Z,1,0,1,20250130T221740857Z,catiorrodeoculosbskysocial,Catiorro cansado,didplcdzoui4bn72wxuzygpuado6uu
atdidplc327xnb64xzwv5bf5hqg7rtloappbskyfeedpost3lgxra5nzo22d,bafyreibv7yn3we2b3fae4huojf2a3tq6dth6lcbvlgxgdsetfklq3jd5ry,ataque mentiroso taxa√ß√£o pix,20250130T150825489Z,0,0,1,20250130T150825359Z,maironhandalbskysocial,,didplc327xnb64xzwv5bf5hqg7rtlo
atdidplc327xnb64xzwv5bf5hqg7rtloappbskyfeedpost3lgxr7x47sc2d,bafyreiftnikthcajr2b6xu4jxc5tjsgrtvodtqhpcmaelkhclt3vhry4ie,ataque mentiroso taxa√ß√£o pix,20250130T150818613Z,1,0,1,20250130T150818651Z,maironhandalbskysocial,,didplc327xnb64xzwv5bf5hqg7rtlo
atdidplcb5lorecorbmd3a7hccmlz2zuappbskyfeedpost3lgxpwk7qcc2c,bafyreiehg6ddzaset3mgrcmrppkx6cjalxf7sqyk3ceqvk6r62tkbzcuyy,Nada feito exagero claro poss√≠vel necess√°rio melhorar comunica√ß√£o divulga√ß√£o governo basta poder PIG big techs epis√≥dios taxa√ß√£o pix mais recentemente pr√≥ximo aumento gasolina ICMS governadores jogam pra Lula,20250130T144509365Z,1,0,0,20250130T144510254Z,escrevamoringabskysocial,Marcelo,didplcb5lorecorbmd3a7hccmlz2zu
atdidplcydhhyuw7fl3tfnzlo65xvndqappbskyfeedpost3lgvsd4xpvu2c,bafyreiar7kabj4fgf5xxlrkv5l4k7a6atdibmynfwl3iwwfhylqauggkoi,üö® ATEN√á√ÉO 2¬™ pesquisa p√≥s fake news taxa√ß√£o PIX ruim Lula üü¢Aprova 45 3 üî¥Desaprova 55 3 üóìÔ∏è25271 üì∞Poder Data ‚ÑπÔ∏èPesquisa anterior dezembro,20250129T202239807Z,1,0,1,20250129T202239853Z,conjpolitica24bskysocial,Conjuntura Pol√≠tica Insights,didplcydhhyuw7fl3tfnzlo65xvndq
atdidplckmy3mkgugqzte2csn7n7n5skappbskyfeedpost3lgveib3xac2e,bafyreiahyvwx2a4mgxiz2yaghtp64ztagj45ng7v2zqtip3mozblkikhgi,‚ñ∂Ô∏è Volume transa√ß√µes via Pix volta m√©dia hist√≥rica fake news taxa√ß√£o dias 16 27 janeiro n√∫mero transfer√™ncias totalizou 1923 bilh√µes alta 024 rela√ß√£o per√≠odo novembro UltimasNoticias CapitalNews wwwcapitalnewscombreconomiaea,20250129T161459405Z,0,0,0,20250129T161524350Z,capitalnewsbskysocial,Jornal Capital News,didplckmy3mkgugqzte2csn7n7n5sk
atdidplco5bbiiqk2p3yby7ufhpyqvjsappbskyfeedpost3lgub7whiyk2g,bafyreicp2ds2lks3bxgappnopu7alxslrznmndynu4luz4ickgpakg45bi,aconteceu caso taxa√ß√£o blusinhas fez popula√ß√£o acreditar mais governo D√° pra confiar governo vai monitorar PIX trabalhador mais vai taxar vai monitorar vai taxar,20250129T054358851Z,0,0,0,20250129T054400156Z,kenzotenmabskysocial,Dr Kenzo Tenma,didplco5bbiiqk2p3yby7ufhpyqvjs
atdidplcztlva54tddon2j3sckzalppfappbskyfeedpost3lgtivjjkyk2t,bafyreieaooy7nhghpwd5eq7y5mukqrb6wwrhmbuu2njf5efhozu6bz74ce,PIX onda fake news falsa taxa√ß√£o Pix volume transa√ß√µes voltou aproximarse m√©dia hist√≥rica terceira semana janeiro Entenda trkebccombrZQ4bb,20250128T222839879Z,1,46,179,20250128T222842452Z,agenciabrasilebccombr,Ag√™ncia Brasil,didplcztlva54tddon2j3sckzalppf
atdidplcdrxaidsahy6i5p3kpyz6b5hwappbskyfeedpost3lgtimcvgsc2v,bafyreiehdlnkcw2fveiwmupqwjuymofidg2kk7jlbzdlzbdlgvnlmtg6ai,onda fake news suposta taxa√ß√£o volume transa√ß√µes via Pix come√ßa recuperar wwwplantaobrasilnetnewsaspnID,20250128T222330998Z,1,29,72,20250128T221606550Z,plantaobrasilbskysocial,Plant√£o Brasil,didplcdrxaidsahy6i5p3kpyz6b5hw
atdidplct77oyn7ryghnudsbf6cqskytappbskyfeedpost3lgt77fagbf2t,bafyreifvzirgctre5ae7jxk3gxckr5rga4nb6cmiw6rmgevjh3hogvenca,Transa√ß√µes Pix voltam aumentar segunda metade janeiro onda fake news falsa taxa√ß√£o Pix volume transa√ß√µes voltou aproximarse m√©dia hist√≥rica terceira semana janeiro dias 16 27 m√™s n√∫mero de‚Ä¶,20250128T193512Z,0,0,0,20250128T193513847Z,clayton2024bskysocial,,didplct77oyn7ryghnudsbf6cqskyt
atdidplcxoi6m74tlrbzhpmvufyz6eq2appbskyfeedpost3lgsror34hk2r,bafyreicchkprslty7nyfhx27uxoxgbwg6muhsa22ophkqksdiuccafnrom,salve Tarc√≠sio taxa√ß√£o pix chupetinha passaram impunes Significa vai repetir intensificar,20250128T153316840Z,2,1,14,20250128T153321154Z,ludmilapavl1bskysocial,Ludmila Cavalcanti üö©,didplcxoi6m74tlrbzhpmvufyz6eq2
atdidplc2wouibut4dsaod3ur2toeutqappbskyfeedpost3lgr6pjvmcs2x,bafyreihgxydlsugpdvpldmr53mcxzntyepmwx2qs6epzwtx27lfsufngpi,acha povo tava preocupado taxa√ß√£o Pix t√° perdido claro transa√ß√£o individual seria taxada voc√™s acham pipoqueiro recebe via maquininha PagSeguro tinha raz√£o pensar ia cair malha fina Claro tinha,20250128T002102105Z,1,0,3,20250128T002102564Z,jesustavocsbskysocial,Jesus Cristo‚Ñ¢,didplc2wouibut4dsaod3ur2toeutq
atdidplcteuhzlflpzspsbfxeky7tcjmappbskyfeedpost3lgqc4vzxds2i,bafyreihfdm2tvqybol7hz2r7wdvy5obfcop2r4qw5aw5325xyzpsv2pqgu,P√¢nico moral mamadeira piproca taxa√ß√£o Pix,20250127T154932517Z,0,0,5,20250127T154934348Z,rodrigomokeponbskysocial,Rodrigo Mokepon,didplcteuhzlflpzspsbfxeky7tcjm
atdidplcydhhyuw7fl3tfnzlo65xvndqappbskyfeedpost3lgq7qo54sh27,bafyreif36rcbrodtxmz5omuowa3evtxvqyxinl42ikoxic6o2j2yiepulm,‚ÑπÔ∏èFake news taxa√ß√£o PIX deficiente comunica√ß√£o governo contribuem queda 66 afirmam governo errou quest√£o PIX 19 acertou 53 afirmam comunica√ß√£o p√©ssima 18 √≥tima 23 regular,20250127T150659568Z,0,0,0,20250127T150654251Z,conjpolitica24bskysocial,Conjuntura Pol√≠tica Insights,didplcydhhyuw7fl3tfnzlo65xvndq
atdidplcydhhyuw7fl3tfnzlo65xvndqappbskyfeedpost3lgq7pmzq7h2c,bafyreia2w4i4ytrop2t54ogg7xbrv2wf3gsgrltpnqfcnqukqkxdtlhv6u,üö®ATEN√á√ÉO Lula queda popularidade 1¬™ pesquisa fake news taxa√ß√£o PIX üü¢Positiva 31 2 üü°Regular 28 6 üî¥Negativa 37 6 ‚ùîN√£o sabe 4 2 üü¢Aprova 49 4 üî¥Desaprova 51 4 üóìÔ∏è23261 üì∞Quaest ‚ÑπÔ∏èPesquisa anterior dezembro,20250127T150624829Z,1,0,1,20250127T150619760Z,conjpolitica24bskysocial,Conjuntura Pol√≠tica Insights,didplcydhhyuw7fl3tfnzlo65xvndq
atdidplcn4rr632ojibbry6lushlxkgvappbskyfeedpost3lgq7cpcbuc2t,bafyreihdxvellyii7ubn7udlxyeep2a5z4bq5venuqbvgw42btdorjb6we,caras passam m√™s refor√ßando mentira taxa√ß√£o Pix sequ√™ncia fazem pesquisa opini√£o pesca aqu√°rio tipo mais escroto induzir opini√£o Bando canalhasü§¨,20250127T145905558Z,4,5,26,20250127T145318557Z,sandruskabskysocial,Sandruska Antifascistaüö©,didplcn4rr632ojibbry6lushlxkgv
atdidplcrltlydavebgnjllsfkivlqriappbskyfeedpost3lgq2vlu6dk24,bafyreidzgnuq45vzq6ntfmn7je4jasy7tyqkp3z4cnszjcdlgqlfvse6ke,t√¥ falando geral neg√≥cio pix pegou t√° caindo aprova√ß√£o desde taxa√ß√£o blusinhas inclusive baseado nisso oposi√ß√£o surfou neg√≥cio pix disseram iam taxar blusinha taxou vai confiar neles novo Nikole chupetinha,20250127T134010782Z,2,0,0,20250127T134011849Z,ivickbskysocial,Victoria,didplcrltlydavebgnjllsfkivlqri
atdidplczwxl6dnun52q3ywiao2ad3ifappbskyfeedpost3lgpzkg7fs7w2,bafyreic5j7qsmv6tlydoijp2rj3s7ycs4ah5t5idg4dckfoun6mkxqcmmy,Pol√™mica Pix impactou desaprova√ß√£o governo Lula Pesquisa responde httpseinvestidorestadaocombrcomportamentopresidentelulapolemicataxacaopixcomportamentopesquisagenialquaestutmsourceflipboardutmmediumactivitypub Posted into Economia Neg√≥cios ‚Ä¶,20250127T131424000Z,0,1,0,20250127T131822451Z,FlipboardBRflipboardcomapbridgy,Desconhecido,didplczwxl6dnun52q3ywiao2ad3if
atdidplcg5dede2ed33d7heq2e7wnsitappbskyfeedpost3lgpptkifus2p,bafyreifcowtrzdce4xowjaq2mahjh2434v275xz5xubwluqzgh2tvsks6u,Aprova√ß√£o Lula indo pro buraco Fake News Pix Taxa√ß√£o Blusinhas Pre√ßo Alimentos Galera quer saber presidente esquerda direita bolso dita aprova√ß√£o Governo chover text√£o redes sociais vai mudar,20250127T102211079Z,2,0,4,20250127T102217953Z,powerotakubskysocial,Power Otaku,didplcg5dede2ed33d7heq2e7wnsit
atdidplcaryaubxoelclktvuvmdadigiappbskyfeedpost3lgopedntlk2u,bafyreic4azoyr45ktawrngwd44qqjuq43xacm37rahwmk5rd6q7drb3j34,Raphael Veiga curtiram v√≠deo fake Nicolas Ferreira taxa√ß√£o pix,20250127T004100854Z,1,0,1,20250127T004102548Z,tecaluzbskysocial,Teca Luz,didplcaryaubxoelclktvuvmdadigi
atdidplclfk5mexbglx5nz542xozj2xrappbskyfeedpost3lgm36alnsc2g,bafyreibypqpnqjy2cdx2q3fltqf7rjcim4j43jsef3wxpt7i4lbaorhzj4,governo dormiu ponto üí§ oposi√ß√£o turbinava an√∫ncios fake taxa√ß√£o Pix 90 postagens pagas eram medidas alcan√ßando 34 milh√µes impress√µes governo acordou dia after revoga√ß√£o teve alcance menor,20250125T233422004Z,0,0,0,20250125T233426047Z,salesregybskysocial,’è‘π Ö»ù’è’ê»ù‘≥’é,didplclfk5mexbglx5nz542xozj2xr
atdidplcdblnyygfvgqfd3sprojec62mappbskyfeedpost3lgl3nsepnk27,bafyreieohnwrg7hr6cqlcuxrl54zc5xekkmtqnzravm3bo336pod7lslum,tenho amiga l√©sbica q nicolas ferreira postou taxa√ß√£o pix repostou v√≠deo stories t√° postando fake news stories fico pensando pessoa q faz parte minoria favor,20250125T141024224Z,2,0,1,20250125T141025347Z,dangerouslysabbskysocial,jess,didplcdblnyygfvgqfd3sprojec62m
atdidplctmlnmiywqltiiy36fs753cicappbskyfeedpost3lgjpr3iw722h,bafyreic2qu4nbkxf774y74pgcg5d76xutmo2qkrxhhg7cdz5ylaja6jdjm,ministros governo t√™m parar dar satisfa√ß√£o imprensa criando ru√≠dos desnecess√°rios Dentre fake news taxa√ß√£o pix sendo apenas atualiza√ß√£o instru√ß√£o RFB hist√≥ria interven√ß√£o pre√ßos mercadorias,20250125T010449821Z,0,0,0,20250125T010450757Z,vnecorreiabskysocial,,didplctmlnmiywqltiiy36fs753cic
atdidplck2il5oblit542dlchs5nlndfappbskyfeedpost3lgjlndxle22n,bafyreigmaeumbbk72qjbd2lotcusxafk7emv62p24a2qau6z4stfkzhfju,viralizou v√≠deo Nikolas Ferreira alimenta desinforma√ß√£o taxa√ß√£o Pix Leia mais aosfatosorgnoticiasvid,20250124T235109505Z,0,0,0,20250124T235114657Z,dieck7479bskysocial,Di√™go Lula Moraes Silva,didplck2il5oblit542dlchs5nlndf
atdidplca5f7prz2fgmn5wkpxjvkikqnappbskyfeedpost3lgjd2we5tc2q,bafyreicchpl56bzmn3txnflps2bbl7g7gftvapau6trwx2u4ekz7hcazmu,pol√™mica taxa√ß√£o PIX governo enfrentou sextafeira 241 mais crise comunica√ß√£o economicnewsbrasilcombr20250124h,20250124T211740Z,0,0,0,20250124T211742254Z,economicnewsbrbskysocial,Economic New Brasil,didplca5f7prz2fgmn5wkpxjvkikqn
atdidplcja2r3huuqzjlzuhw54dtr7pzappbskyfeedpost3lgivyz5ac22o,bafyreiceox6tr5xqbyddhnbhfohnrxbd2dbqg7o4x4l3eo26rngi3l2wqm,Olha taxa√ß√£o pix tive q pesquisar v√°rios lugares pcompreender postaram falando tirou d√∫vidas tinha confundiram mais epis√≥dio governo mostrado explica√ß√£o clara bem breve cdetalhes claros tela 1,20250124T172358496Z,1,0,0,20250124T173140658Z,rejanybskysocial,Rejany,didplcja2r3huuqzjlzuhw54dtr7pz
atdidplc25gqtnpngvbqf6dqzdktnzb2appbskyfeedpost3lgip6x7fx22c,bafyreifpbrvdalpfkto7gmf2o6atwv3e4u7meiq7mgnss4wc3tfjnoz56y,Ah cara desisti amei prefeitura SP Haddad extremamente mal aproveitada mal divulgada pq comunica√ß√£o forte gest√µes PT lance taxa√ß√£o pequenas importa√ß√µes pegou mal arcabou√ßo p√° cal fake pix pior,20250124T152201603Z,1,0,1,20250124T152201458Z,miscellaneousbskysocial,Hostess Apocalipse,didplc25gqtnpngvbqf6dqzdktnzb2
atdidplc7dkrjganikz4cvsznf7fcf2rappbskyfeedpost3lghjm3sauk22,bafyreihkgm5sstuxzgoblzhcrp3gubw4x3saubpxiup477zkxrnglsxzv4,conseguiu fake news taxa√ß√£o pix funcionando favor,20250124T040920432Z,0,0,0,20250124T040923551Z,cristianollbskysocial,Cristiano,didplc7dkrjganikz4cvsznf7fcf2r
atdidplc7dkrjganikz4cvsznf7fcf2rappbskyfeedpost3lghjhay3o224,bafyreifgpstbhazap7uke5inucem6vnowd53it7hajtktvg6bve7imzqfa,conseguiu fake news taxa√ß√£o pix funcionando favor,20250124T040638090Z,1,0,2,20250124T040641248Z,cristianollbskysocial,Cristiano,didplc7dkrjganikz4cvsznf7fcf2r
atdidplc7dkrjganikz4cvsznf7fcf2rappbskyfeedpost3lghjbi2cjk24,bafyreih6ocboau6jrnjq3zmaww5nkxiykg6crzl5kve3s5siwzhbr2ppmy,virou jogo usando fake News taxa√ß√£o Pix favor,20250124T040324173Z,0,0,0,20250124T040330445Z,cristianollbskysocial,Cristiano,didplc7dkrjganikz4cvsznf7fcf2r
atdidplcl4e6gaitrnpm5hzd37j2yyb6appbskyfeedpost3lghe4dxka22h,bafyreihs7v56fh6v7kiwg4gcq3mvalznr4sqplanj32a3brtg22dqgcztm,Bem voc√™s poderiam comunicar forma qualquer pauta n√© Fim Escala 6x1 falsa taxa√ß√£o Pix,20250124T023103416Z,1,0,2,20250124T023105453Z,kolibyrbskysocial,Nathan üè≥Ô∏è‚Äçüåà,didplcl4e6gaitrnpm5hzd37j2yyb6
atdidplcytwhk7r46fu5vqbmcttq25lcappbskyfeedpost3lghaigiwtc2m,bafyreid2ygg4s3jy37yz37yjzoi7mczqcz3hivbfidyd7o5ibk5nqcmo7e,semana passada falavam eram favor pobre causa taxa√ß√£o pix,20250124T012613769Z,0,0,2,20250124T012614254Z,rowongzbskysocial,It hurt itself in its confusion,didplcytwhk7r46fu5vqbmcttq25lc
atdidplczng4df335ksphunidzkp6mdqappbskyfeedpost3lgh2wo3ndc2k,bafyreibveat4c5cdu44d64dm2nc7llxv5wgpsky7bnorwcufujtgmit3we,Correto Centralizando comunica√ß√£o temha ru√≠do entanto creio sidoniopalmeirabskysocial PRECISA criar algo monitorar fake news not√≠cias alimentem oposi√ß√£o fure bolha novamente taxa√ß√£o Pix,20250123T234649032Z,0,0,0,20250123T234651049Z,guimariane94bskysocial,Guimariane ü™ë,didplczng4df335ksphunidzkp6mdq
atdidplcrgzjvmqjj7lqvahm6jyn423qappbskyfeedpost3lggv65dxa22n,bafyreiffhuywtxr3235wrf7qijtuxygzzb7ixqrelcpa6frjnc72hhbnhu,Ministro Minist√©rio Fazenda Fernando Haddad discurso autorit√°rio Rela√ß√£o rejei√ß√£o popular taxa√ß√£o PIXüáßüá∑,20250123T220337465Z,0,0,0,20250123T220339648Z,dayvisonbr10bskysocial,Dayvison Vieira üáßüá∑,didplcrgzjvmqjj7lqvahm6jyn423q
atdidplc2sz7lzabaabo52nd2p2h722tappbskyfeedpost3lggj3gjlvc2y,bafyreib4kndxcs5v5ttvo3ot3jqscbnlb2ym7o7f6tugn3decl4buewlvu,‚û°Ô∏è Pix ‚Äì MP pro√≠be taxa√ß√£o mecanismo pagamento üìå Lindbergh afirmou medida provis√≥ria apresentada governo teve papel tranquilizar popula√ß√£o üß∂Leia fio,20250123T182721522Z,1,0,0,20250123T182723056Z,poder360bskysocial,Poder360,didplc2sz7lzabaabo52nd2p2h722t
atdidplc5plqb54fnug5euwttuxwbqbzappbskyfeedpost3lggdeifvkd2a,bafyreibhsfpmmgy77h7onsrz224oz7sbk7bfkxkdikhsncnt7npl3rgozm,walter salles deixou levar fake news taxa√ß√£o pix bem,20250123T164350259Z,0,0,0,20250123T164503259Z,cardieeeeebskysocial,diego,didplc5plqb54fnug5euwttuxwbqbz
atdidplclt4j3v42a7o4xdhoaswcvehvappbskyfeedpost3lggch2bfok27,bafyreic2mxbwn3rgghqoifbbjhps4rgboy5r6gdbcza2itnxwgvxi3oo6y,internet empatia transfobico fudido literalmente gravou garotade menor banheiro pura transfobia voces veem tweet antigo ficam ai tadinho tava armario fivou tanto medo pai ficou assim,20250123T162835115Z,1,1,6,20250123T162840655Z,autisticdarkobskysocial,maclovin paTETA,didplclt4j3v42a7o4xdhoaswcvehv
atdidplczcdzf4qffcrwjycwuvg6t5lqappbskyfeedpost3lgg6tl7w5c2e,bafyreif672hh7yxs23ax2q6eyqdccl2zmg32ovlvlef2o2vcsg6cd52gsa,Querem √≥tima an√°lise escabroso epis√≥dio taxa√ß√£o pix n√∫meros aqui üëáhttpsvalorglobocomopiniaocolunailegalidadeeinformalidadelicoesdoepisodiopixghtml,20250123T152400594Z,1,4,14,20250123T152403458Z,jpkupferbskysocial,Jos√© Paulo Kupfer,didplczcdzf4qffcrwjycwuvg6t5lq
atdidplc64wrbrndfebcsfhlirua3bjlappbskyfeedpost3lgg3nkbrec2k,bafyreig4lgp3qa4o33iffm2zd2jf2wwysp53hzep4ghnh7cueuwfhclcfq,Gente chefe acreditou taxa√ß√£o pix diga pra Lula decretou feriado,20250123T142657053Z,0,0,0,20250123T142658757Z,macielresendebskysocial,Maciel Resende,didplc64wrbrndfebcsfhlirua3bjl
atdidplcum6zy432aobdi6xzt54adfflappbskyfeedpost3lgft5lb2tc2x,bafyreidifjlcb2rwfoyqskkzi3ome3atirhhabwdfvhxpylp4f2etrw3ey,MDS cara t√° fake taxa√ß√£o pix,20250123T115451273Z,0,0,0,20250123T115452151Z,whodanibskysocial,,didplcum6zy432aobdi6xzt54adffl
atdidplc5jwh72skiczgpxdteim6edooappbskyfeedpost3lgfr6zcyis2k,bafyreif2lgn7l7a7noydufmbmiivt6qyad34pqv4oareeofylpbfpufcyy,cat power dizer taxa√ß√£o moon pix,20250123T111952081Z,0,0,1,20250123T111952648Z,lenamesmobskysocial,lena,didplc5jwh72skiczgpxdteim6edoo
atdidplcsu2hozcc7t4rulk5m3gx3mazappbskyfeedpost3lgefxv22522g,bafyreifke4l2tqprf5fy4z65dz5rtbjodq3degpcp7uuivk2qjijka35z4,fake news taxa√ß√£o pix pessoas come√ßaram pagar mais c√©dula tava girando c√©dula troco ficou bem dif√≠cil ficar indo banco trocar nota 10000 üòî,20250122T222621820Z,1,0,0,20250122T222622365Z,zucobskysocial,zuco,didplcsu2hozcc7t4rulk5m3gx3maz
atdidplcciq4viiwmdcfndpvqfa5unf5appbskyfeedpost3lgea6pm4ms2t,bafyreienqvzabpfg72py247yadolmrlqotoprjss7mnh4p3hx2kcwenz5q,Taxa√ß√£o Pix Governo Lula Nikolas Ferreira,20250122T204248552Z,2,70,216,20250122T204249852Z,broxadabskysocial,Broxada Sinistra,didplcciq4viiwmdcfndpvqfa5unf5
atdidplc2vcdnqu2pnru4l5pc2wqi6m4appbskyfeedpost3lge2ljpfv22f,bafyreif4epvhjo6pbz3faa6xahcted7h2xqsjq3q2jvgqdxgjnj6d32n5q,comportamento gado pessoas irrita demais revoltam mandados Privatizaram empresa energia energia cai chuva demora voltar vi reclamando Instagram Chupetinha toca berrante mundo revoltado falsa taxa√ß√£o pix üò°,20250122T190236120Z,0,0,0,20250122T190236548Z,juscelinojuniorbskysocial,Juscelino Junior,didplc2vcdnqu2pnru4l5pc2wqi6m4
atdidplcpc35xuv3x43ppsg7gre2x4ixappbskyfeedpost3lgds5na7v22l,bafyreic7o53ong5engbkllu3fql6oj6yirzbvlbliv4xeng4eyta33tb7a,nikolas ferreira pataquada taxa√ß√£o pix whatever geral acreditou fake news mais maldita,20250122T163140124Z,1,0,0,20250122T163141049Z,arcananabskysocial,üóëÔ∏è,didplcpc35xuv3x43ppsg7gre2x4ix
atdidplc4q55tkmbtpxxkp5jwxluzvrvappbskyfeedpost3lgdogscqi22w,bafyreigobwepzunqrmo2roocod5hdayjkfyjxtvgw75s6jj7rongh656oi,Penso seguinte evitar taxa√ß√£o pix enquadrado transa√ß√£o dinheiro vista ent√£o precisaria portaria enquadrar movimenta√ß√µes acima 500000 fintechs disponibilizam servi√ßo,20250122T152512472Z,0,0,1,20250122T152513356Z,marrc17bskysocial,sei sei nada sei,didplc4q55tkmbtpxxkp5jwxluzvrv
atdidplcnlcdst7sc3keaocbvhzobf74appbskyfeedpost3lgdnnqbdj222,bafyreigbiai5w2ib5fqugsqvuunfynhycoy4qchiemdbdkppizc2b5bopa,tratando direitos humanos certo seria pedir sim IMP√îR direitos t√° rolando maior retrocesso mundo inteiro maior preocupa√ß√£o pessoal taxa√ß√£o Pix FAKE NEWS,20250122T151111440Z,0,0,0,20250122T151110898Z,soyhappyshadowbskysocial,Happy Zeppeli üè¥‚Äç‚ò†Ô∏è,didplcnlcdst7sc3keaocbvhzobf74
atdidplcxwl2naikqjlla2mhgk3hiqtkappbskyfeedpost3lgbsqyrsl22m,bafyreieluf3hcnxspv3uagc6nkxo6xw3bfymxhhb7tv6o5bnnhnhnbo73e,V√≠deo Nikolas Ferreira suposta taxa√ß√£o Pix exibido Times Square ‚ùå FALSO imagem editada foto original ocupava famoso painel eletr√¥nico registrada 16 outubro 2009 Matt Wade üì≤ Leia bitlynikolasnyts,20250121T213710273Z,0,1,11,20250121T213717147Z,agencialupabskysocial,Ag√™ncia Lupa,didplcxwl2naikqjlla2mhgk3hiqtk
atdidplcgjz6zltq4j2wl7wr5nevrktpappbskyfeedpost3lgbqsxi2gc2v,bafyreihlqqbfrhny2bms6uonf456oxgsbuo3ojktwcfswr4sazgkqmg2gi,Fl√°via Maynarte ‚ò≠üî∫ Flaviamaynarte ¬∑ 42 min pedido AGU TikTok remove v√≠deo falso Haddad taxa√ß√£o PIX Coloca tranca porta arrombada Obrigada nada TERR√çVEL SENSA√á√ÉO DERROTA VEMOS EXTREMA DIREITA NADAR BRA√áADA CAOS FAKE NEWS,20250121T210228549Z,0,0,0,20250121T210228660Z,jtmlbskysocial,,didplcgjz6zltq4j2wl7wr5nevrktp
atdidplcbv542ivrhlwbjn7tz5gskf3uappbskyfeedpost3lgboezt4hs2f,bafyreicrb5msyx25n2svbclu6wb4gt3cc5yl2vvks5qrglug2rt7dpxg7u,pedido AGU TikTok remove v√≠deo falso Haddad taxa√ß√£o PIX Coloca tranca porta arrombada Obrigada nada,20250121T201853764Z,2,0,11,20250121T201854059Z,flaviamaynartebskysocial,Fl√°via Maynarte ‚ò≠üî∫,didplcbv542ivrhlwbjn7tz5gskf3u
atdidplcrpohmh4pa24pe5nhpmcwezsuappbskyfeedpost3lgbocemy5c2v,bafyreifqmlyehzwgstygeuhgbz7vcgfmijwotwmm657nspg3x3ho6x3jze,sociedade acredita taxa√ß√£o Pix vende principal identifica√ß√£o menos desconfiar,20250121T201724430Z,0,0,0,20250121T201725952Z,gustavoaguerabskysocial,Gustavo H Aguera,didplcrpohmh4pa24pe5nhpmcwezsu
atdidplc6z3ndng5u2j66n6ordzpyhb5appbskyfeedpost3lgbo5i7m5t2r,bafyreiesvjk6zflxptrvv4cnilxpi2lq6zi636vtgbfqxvh7oot2fj23tm,Nova postagem TikTok remove v√≠deo falso Haddad taxa√ß√£o PIX pedido AGU AdvocaciaGeral Uni√£o AGU httpsbuffly40tFXhN,20250121T201440222Z,0,1,7,20250121T201441247Z,horabrasileirabskysocial,HoraBrasileira,didplc6z3ndng5u2j66n6ordzpyhb5
atdidplckzkl2onyewbs7pehh2ellzcbappbskyfeedpost3lgbnx4dgxs22,bafyreiedqoveziaaj7kkrimtxkvqltxrr2lgdur4tpxsrm2awoz7wqm2hy,pedido AGU TikTok remove v√≠deo falso Haddad taxa√ß√£o PIX,20250121T201105062284Z,0,0,0,20250121T201107148Z,g1botrssadilsonnetbr,Not√≠cias G1 oficial,didplckzkl2onyewbs7pehh2ellzcb
atdidplcgjz6zltq4j2wl7wr5nevrktpappbskyfeedpost3lgbczrecbk2q,bafyreieobtdszla3kehqh7nxa24msaapvugjjadbrkygnp2p2n3mys43zu,Ricardo Pereira ricardope ¬∑ 14 min v√≠deo deputada Erika Hilton desmentindo fake news taxa√ß√£o Pix atingiu 100 milh√µes visualiza√ß√µes feito extraordin√°rio deputada Psol levando conta teve manipula√ß√£o algoritmo caso v√≠deo extremista,20250121T165544631Z,0,0,1,20250121T165545051Z,jtmlbskysocial,,didplcgjz6zltq4j2wl7wr5nevrktp
atdidplcf5idfk6af5pnyxytsmoo2tj3appbskyfeedpost3lgb53a6ud22x,bafyreigpelj5btyoopoc3fa7sahuwefldgojyhiec7l26dyhohc3lyfvsu,adianta aprovar isen√ß√£o acreditar taxa√ß√£o PiX pesquisas ser melhor formuladas,20250121T150911284Z,0,0,1,20250121T150913657Z,herlonzaparolibskysocial,üÑ∑üÑ¥üÖÅüÑªüÑæüÑΩ üÖâüÑ∞üÑøüÑ∞üÖÅüÑæüÑªüÑ∏,didplcf5idfk6af5pnyxytsmoo2tj3
atdidplcv43gtt5m3eiuxgo72rtjedu7appbskyfeedpost3lgb32t7gz22k,bafyreic6dvirxi7xcezjehyt2c3dbzwfwe52az4m34ba3zetjdshcgr5jq,mandei msg grupo fam√≠lia dizendo liguei ngm atendeu pai vc sabia q morrendo m√£e doente casa desmoronando guerra palestina trabalho escravo china taxa√ß√£o pix,20250121T143310189Z,0,0,2,20250121T143307362Z,2vc4sbskysocial,Sailor V,didplcv43gtt5m3eiuxgo72rtjedu7
atdidplcx7akfjrzmcz4opquasve7pidappbskyfeedpost3lgaqg7asek2q,bafyreih237zfzqs6jgz4vlwcwkccjbedsrct7cohwxw2fvezwfgk5dkhxy,GOVERNO VOLTOU ATR√ÅS TAXA√á√ÉO PIX TARIFA√á√ÉO AUMENTA LUCROS EXAGERADOS BCOS NADA FEZ CAIXA continua cobrar tarifas opera√ß√µes PIX √†s Pjs CPFs v√£o pagar maneira indireta 20012025 201458 ENV PIX CH 25000 D 20012025 201458 TAR PIX 222 D,20250121T112240723Z,0,1,1,20250121T112245254Z,paulocosta11bskysocial,Pol√≠tico revolucion√°rio,didplcx7akfjrzmcz4opquasve7pid
atdidplcw5ya7uenquf4b35iptqtkz36appbskyfeedpost3lg7i2x4iel2t,bafyreick4re7bjlersyddg743rlbbjokb3gyoadlcogwba7otwqroezrka,√ârika Hilton faz v√≠deo rebater oposi√ß√£o desmente taxa√ß√£o Pix,20250120T232033Z,0,2,12,20250120T232033569Z,valoreconomicobskysocial,Valor Econ√¥mico,didplcw5ya7uenquf4b35iptqtkz36
atdidplchk6a2t5tx55lg2oowgq7m7f4appbskyfeedpost3lg7eyl6ahg2j,bafyreibswlfxlhg724p5o3cnkte23x7jjjwv2hshtvx5kqxq7nsdregdqy,RS Not√≠cias Erika acusa Nikolas mentir suposta taxa√ß√£o pix Source RS Not√≠cias Erika acusa Nikolas mentir suposta taxa√ß√£o pix,20250120T222531Z,0,0,0,20250120T222532758Z,lucioborgesbskysocial,Lucio Borges,didplchk6a2t5tx55lg2oowgq7m7f4
atdidplcjvuzogypxsyswzborhgxvlalappbskyfeedpost3lg7eiumzbs25,bafyreibqiuxanism66a6hzb3petsirfohilgf2au4n4k4uj4rrppqlxmb4,AI SIM AMG FALA ui chega dar ruim q defendem 6x1 falam mal erika hilton falam OQ NAO SABEM TAXA√á√ÉO PIX ODIO,20250120T221645643Z,1,0,0,20250120T221646864Z,maryplimbskysocial,mary guapoduo skz volei VAI SKZ silva,didplcjvuzogypxsyswzborhgxvlal
atdidplclty73uag7cjkwjnlzp3tsbseappbskyfeedpost3lg77io7ags2l,bafyreibrhdugu3qvs47pzf2olz5d2mjtnhkzwlcs64rw7ybtu6affvnwie,vergonha pix taxa√ß√£o,20250120T204710191Z,0,0,0,20250120T204711160Z,rzivianibskysocial,R Ziviani,didplclty73uag7cjkwjnlzp3tsbse
atdidplcboe6c47woar4rq4nqe4a6j3pappbskyfeedpost3lg73y6jqxl2n,bafyreih2pqwcytuxgaqtk7tdcugxmwqtwd656kziyewylnp3q2sdi5izli,campanha direita t√° praticamente pronta taxa√ß√£o alisheincompras inter taxa√ß√£o pix contar resto acho perdemos imagina contando,20250120T194415663Z,0,0,1,20250120T194416259Z,dogaocomputacaobskysocial,Dog√£o ComputaC√ÉO,didplcboe6c47woar4rq4nqe4a6j3p
atdidplc6fjnpelltn5qlf5pzmunmv5oappbskyfeedpost3lg6wiruayc2g,bafyreignna5vb336mtkwl6mglqk4eak6nvvei6akmuztmsws4adhjsi6fe,pior experi√™ncia mundo cortar cabelo barbearia hetero desde cheguei ja ouvi endosso fake news taxa√ß√£o pix apoio n1kolas ferre1ra apoio b0ls0n4r0 ‚Äúlul4 enrica pobre‚Äù quero explodir infeliz,20250120T180610345Z,0,0,1,20250120T180611646Z,mouzinhobskysocial,pomba pinkpantheress arabe,didplc6fjnpelltn5qlf5pzmunmv5o
atdidplclv4t36kbq2lsz5vdpsd7dlxqappbskyfeedpost3lg6vb2a5jk2o,bafyreicnrrhl7trk6karlo45vbiwrylfhakdhyzmwjcuhpw2zmicqug5tu,espalha fake news taxa√ß√£o Pix mente descaradamente ü§• turma ineleg√≠vel taxou Pix sugar √∫ltima gota suor trabalhador üò§ governo lulacombr Pix segue livre impostos üí• deixe enganar,20250120T174356949Z,0,1,2,20250120T174401253Z,jd1311bskysocial,Deputado Jo√£o Daniel,didplclv4t36kbq2lsz5vdpsd7dlxq
atdidplc4ucttpm7qxtzgwwiyjfys4utappbskyfeedpost3lg65dshe3c2k,bafyreickdphsdlmhr3poagtgsqofpdsejdpnxsyclu3khki5fsy3kbde2m,Rebote pauta ruas fura bolha sexta pra c√° aqui bolha esquerda fala v√≠deo Erika Hilton ruas principalmente cabe√ßa populares narrativa acreditada continua sendo taxa√ß√£omonitoramento pix,20250120T103559655Z,0,0,0,20250120T103600252Z,flexavasconcellosbskysocial,Vasconcellos Flexa,didplc4ucttpm7qxtzgwwiyjfys4ut
atdidplcife24k2ymfao6infrhcgsvsgappbskyfeedpost3lg64u7kcak2t,bafyreiecfs7w5xjqq4nb5cqpsznqfwrpcjyhlrwsdq6tq2bo2ovxyc6cx4,acabei esquerda ataquando direita tirando culpa taxa tacando pra direita governo bolsonaro pensou taxa√ß√£o pix mais tentou implementar lula precisamos combater desinforma√ß√£o deixando pessoas extrema esquerda decidiram oque mentira sla,20250120T102716513Z,1,0,0,20250120T102716853Z,kiyonimbskysocial,kiyonim,didplcife24k2ymfao6infrhcgsvsg
atdidplc7dkrjganikz4cvsznf7fcf2rappbskyfeedpost3lg5ftvcyks2a,bafyreihgtwe5p7u2xaipfjsvhr6tx3zq5urt45agjgshui4cxn4bexapvi,mais perguntas pra desfazer mentira montante arrecadado governo taxa√ß√£o PIX governo vai devolver Desculpe vou deixar seguilo esquerda precisa chor√µes desistem facilmente passam recibo alimento minions aprendeu,20250120T033529726Z,1,0,2,20250120T033530749Z,cristianollbskysocial,Cristiano,didplc7dkrjganikz4cvsznf7fcf2r
atdidplc7dkrjganikz4cvsznf7fcf2rappbskyfeedpost3lg5fdsurkc2a,bafyreida4tzsogdqukzzrg35km7bhuxrincbf7kxcpjxd54gl3eat3kx2y,Desfa√ßa mentira taxa√ß√£o PIX suave ostensivamente Diga aposta havia imposto dou 50 reais mostrar lei taxa Mostreme extrato pagou imposto al√≠quota 0 paga taxa envia recebe Pix Encurraleos,20250120T032630290Z,0,0,0,20250120T032630549Z,cristianollbskysocial,Cristiano,didplc7dkrjganikz4cvsznf7fcf2r
atdidplc7dkrjganikz4cvsznf7fcf2rappbskyfeedpost3lg5epd6xlc2a,bafyreif4q6q474q2xj5h2ysa64yajhi2tcpt5atrbd5dkj4nkut5jmxp5u,Discurso derrotista Use superioridade desfazer Diga aposta havia taxa√ß√£o PIX dou 50 reais voc√™ mostrar lei taxa mostra extrato voc√™ pagou imposto al√≠quota 0 paga taxa envia recebe Pix,20250120T031502757Z,1,0,2,20250120T031503952Z,cristianollbskysocial,Cristiano,didplc7dkrjganikz4cvsznf7fcf2r
atdidplc2sa4diyls6vh4axxxscmzb4aappbskyfeedpost3lg5bzc6zbc2y,bafyreicqsnowr7cijhgj7ayue5vgvkpfit2jdpb7gi4mmklzycb4mxcydm,üîç Desinforma√ß√£o novidade Durante pandemia vimos propaga√ß√£o mentiras distor√ß√µes geraram p√¢nico prejudicaram bemestar replicar estrat√©gia usada distorcer fatos PIX espalhando falsos rumores poss√≠vel taxa√ß√£o,20250120T022655992Z,1,0,0,20250120T022701651Z,ofernandolobobskysocial,Fernando Lobo,didplc2sa4diyls6vh4axxxscmzb4a
atdidplcqsqligjheimqm7hzsmcge4j3appbskyfeedpost3lg55yu67rr2v,bafyreicu4ynwv5exdx6l5xknfg4ta57y7linxrnffzi6npqdsgkmnnoxvu,bonito faz piada transf√≥bica propositalmente divulga orgulho mentira taxa√ß√£o Pix a√≠ vai vitimiza TV querendo mostrar crian√ßa entende nada poupe pro Huck voc√™ prestar contas pra justi√ßa,20250120T011506171Z,3,0,23,20250120T011506457Z,guilhermecortezbskysocial,Guilherme Cortez,didplcqsqligjheimqm7hzsmcge4j3
atdidplc6wxkjtu75rlt62xlxp7bpq7pappbskyfeedpost3lg55g7lhwk2v,bafyreibpzffagflbdvdc2llugtvphf63pzj3udrcklijikeq5dkxzunsge,hahaha t√° verdade taxa√ß√£o Pix da√≠ vem Erika p√° MENTINDO PRA VOC√ä moral cunty demais,20250120T010440795Z,0,0,0,20250120T010443058Z,vivicatybskysocial,üç•,didplc6wxkjtu75rlt62xlxp7bpq7p
